,OID_,FID_,Water_A,Wet_A,TC_A,Shrub_A,LowVeg_A,Barren_A,Struc_A,Imperv_A,Road_A,TCoS_A,TCoI_A,TCoR_A,APG_A,Can_A,Can_A_acres,LowVeg_A_acres,Shrub_A_acres,Barren_A_acres,Water_A_acres,Struc_A_acres,Imperv_A_acres,Road_A_acres,APG_A_acres,Land_A_acres,Total_A_acres,Can_R,Can_P,LowVeg_R,LowVeg_P,Shrub_R,Shrub_P,Barren_R,Barren_P,Water_R,Water_P,Struc_R,Struc_P,Imperv_R,Imperv_P,Road_R,Road_P
Total,372816.0,372816.0,1062677854.0,740225829.0,12311149481.0,54058758.0,9638695708.0,127470276.0,459254274.0,777672590.0,531942400.0,27471298.0,96038979.0,88197278.0,154066127.0,12522857036.0,3094462.6292977766,2381771.4741799813,13358.198207993357,31498.563330582227,262593.18434539373,113484.10224223224,192166.91212446193,131445.71346673716,38070.53542746722,5944829.394641771,6207422.578987164,0.49851006434987793,49.851006434987795,0.38369733071541645,38.369733071541646,0.002151971778627153,0.2151971778627153,0.005074338492308944,0.5074338492308944,0.042303094562033156,4.230309456203315,0.01828200042742199,1.828200042742199,0.030957601110478433,3.095760111047843,0.021175570342463222,2.1175570342463224
